path,class
../Dataset/imagenes/2_NanoBug_Negro_0.jpg,2_NanoBug_Negro
../Dataset/imagenes/2_NanoBug_Negro_1.jpg,2_NanoBug_Negro
../Dataset/imagenes/2_NanoBug_Negro_2.jpg,2_NanoBug_Negro
../Dataset/imagenes/2_NanoBug_Negro_3.jpg,2_NanoBug_Negro
../Dataset/imagenes/2_NanoBug_Negro_4.jpg,2_NanoBug_Negro
../Dataset/imagenes/2_NanoBug_Negro_5.jpg,2_NanoBug_Negro
../Dataset/imagenes/2_NanoBug_Negro_6.jpg,2_NanoBug_Negro
../Dataset/imagenes/2_NanoBug_Negro_7.jpg,2_NanoBug_Negro
../Dataset/imagenes/2_NanoBug_Negro_8.jpg,2_NanoBug_Negro
../Dataset/imagenes/2_NanoBug_Negro_9.jpg,2_NanoBug_Negro
../Dataset/imagenes/2_NanoBug_Negro_10.jpg,2_NanoBug_Negro
../Dataset/imagenes/2_NanoBug_Negro_11.jpg,2_NanoBug_Negro
../Dataset/imagenes/2_NanoBug_Negro_12.jpg,2_NanoBug_Negro
../Dataset/imagenes/2_NanoBug_Negro_13.jpg,2_NanoBug_Negro
../Dataset/imagenes/2_NanoBug_Negro_14.jpg,2_NanoBug_Negro
../Dataset/imagenes/2_NanoBug_Negro_15.jpg,2_NanoBug_Negro
../Dataset/imagenes/2_NanoBug_Negro_16.jpg,2_NanoBug_Negro
../Dataset/imagenes/2_NanoBug_Negro_17.jpg,2_NanoBug_Negro
../Dataset/imagenes/2_NanoBug_Negro_18.jpg,2_NanoBug_Negro
../Dataset/imagenes/2_NanoBug_Negro_19.jpg,2_NanoBug_Negro
../Dataset/imagenes/2_NanoBug_Negro_20.jpg,2_NanoBug_Negro
../Dataset/imagenes/2_NanoBug_Negro_21.jpg,2_NanoBug_Negro
../Dataset/imagenes/2_NanoBug_Negro_22.jpg,2_NanoBug_Negro
../Dataset/imagenes/2_NanoBug_Negro_23.jpg,2_NanoBug_Negro
../Dataset/imagenes/2_NanoBug_Negro_24.jpg,2_NanoBug_Negro
../Dataset/imagenes/2_NanoBug_Negro_25.jpg,2_NanoBug_Negro
../Dataset/imagenes/2_NanoBug_Negro_26.jpg,2_NanoBug_Negro
../Dataset/imagenes/2_NanoBug_Negro_27.jpg,2_NanoBug_Negro
../Dataset/imagenes/2_NanoBug_Negro_28.jpg,2_NanoBug_Negro
../Dataset/imagenes/2_NanoBug_Negro_29.jpg,2_NanoBug_Negro
../Dataset/imagenes/2_NanoBug_Negro_30.jpg,2_NanoBug_Negro
../Dataset/imagenes/2_NanoBug_Negro_31.jpg,2_NanoBug_Negro
../Dataset/imagenes/2_NanoBug_Negro_32.jpg,2_NanoBug_Negro
../Dataset/imagenes/2_NanoBug_Negro_33.jpg,2_NanoBug_Negro
../Dataset/imagenes/2_NanoBug_Negro_34.jpg,2_NanoBug_Negro
../Dataset/imagenes/2_NanoBug_Negro_35.jpg,2_NanoBug_Negro
../Dataset/imagenes/2_NanoBug_Negro_36.jpg,2_NanoBug_Negro
../Dataset/imagenes/2_NanoBug_Negro_37.jpg,2_NanoBug_Negro
../Dataset/imagenes/2_NanoBug_Negro_38.jpg,2_NanoBug_Negro
../Dataset/imagenes/2_NanoBug_Negro_39.jpg,2_NanoBug_Negro
../Dataset/imagenes/2_NanoBug_Negro_40.jpg,2_NanoBug_Negro
../Dataset/imagenes/2_NanoBug_Negro_41.jpg,2_NanoBug_Negro
../Dataset/imagenes/2_NanoBug_Negro_42.jpg,2_NanoBug_Negro
../Dataset/imagenes/2_NanoBug_Negro_43.jpg,2_NanoBug_Negro
../Dataset/imagenes/2_NanoBug_Negro_44.jpg,2_NanoBug_Negro
../Dataset/imagenes/2_NanoBug_Negro_45.jpg,2_NanoBug_Negro
../Dataset/imagenes/2_NanoBug_Negro_46.jpg,2_NanoBug_Negro
../Dataset/imagenes/2_NanoBug_Negro_47.jpg,2_NanoBug_Negro
../Dataset/imagenes/2_NanoBug_Negro_48.jpg,2_NanoBug_Negro
../Dataset/imagenes/2_NanoBug_Negro_49.jpg,2_NanoBug_Negro
../Dataset/imagenes/2_NanoBug_Negro_50.jpg,2_NanoBug_Negro
../Dataset/imagenes/2_NanoBug_Negro_51.jpg,2_NanoBug_Negro
../Dataset/imagenes/2_NanoBug_Negro_52.jpg,2_NanoBug_Negro
../Dataset/imagenes/2_NanoBug_Negro_53.jpg,2_NanoBug_Negro
../Dataset/imagenes/2_NanoBug_Negro_54.jpg,2_NanoBug_Negro
../Dataset/imagenes/2_NanoBug_Negro_55.jpg,2_NanoBug_Negro
../Dataset/imagenes/2_NanoBug_Negro_56.jpg,2_NanoBug_Negro
../Dataset/imagenes/2_NanoBug_Negro_57.jpg,2_NanoBug_Negro
../Dataset/imagenes/2_NanoBug_Negro_58.jpg,2_NanoBug_Negro
../Dataset/imagenes/2_NanoBug_Negro_59.jpg,2_NanoBug_Negro
../Dataset/imagenes/2_NanoBug_Negro_60.jpg,2_NanoBug_Negro
../Dataset/imagenes/2_NanoBug_Negro_61.jpg,2_NanoBug_Negro
../Dataset/imagenes/2_NanoBug_Negro_62.jpg,2_NanoBug_Negro
../Dataset/imagenes/2_NanoBug_Negro_63.jpg,2_NanoBug_Negro
../Dataset/imagenes/2_NanoBug_Negro_64.jpg,2_NanoBug_Negro
../Dataset/imagenes/2_NanoBug_Negro_65.jpg,2_NanoBug_Negro
../Dataset/imagenes/2_NanoBug_Negro_66.jpg,2_NanoBug_Negro
../Dataset/imagenes/2_NanoBug_Negro_67.jpg,2_NanoBug_Negro
../Dataset/imagenes/2_NanoBug_Negro_68.jpg,2_NanoBug_Negro
../Dataset/imagenes/2_NanoBug_Negro_69.jpg,2_NanoBug_Negro
../Dataset/imagenes/2_NanoBug_Negro_70.jpg,2_NanoBug_Negro
../Dataset/imagenes/2_NanoBug_Negro_71.jpg,2_NanoBug_Negro
../Dataset/imagenes/2_NanoBug_Negro_72.jpg,2_NanoBug_Negro
../Dataset/imagenes/2_NanoBug_Negro_73.jpg,2_NanoBug_Negro
../Dataset/imagenes/2_NanoBug_Negro_74.jpg,2_NanoBug_Negro
../Dataset/imagenes/2_NanoBug_Negro_75.jpg,2_NanoBug_Negro
../Dataset/imagenes/2_NanoBug_Negro_76.jpg,2_NanoBug_Negro
../Dataset/imagenes/2_NanoBug_Negro_77.jpg,2_NanoBug_Negro
../Dataset/imagenes/2_NanoBug_Negro_78.jpg,2_NanoBug_Negro
../Dataset/imagenes/2_NanoBug_Negro_79.jpg,2_NanoBug_Negro
../Dataset/imagenes/2_NanoBug_Negro_80.jpg,2_NanoBug_Negro
../Dataset/imagenes/2_NanoBug_Negro_81.jpg,2_NanoBug_Negro
../Dataset/imagenes/2_NanoBug_Negro_82.jpg,2_NanoBug_Negro
../Dataset/imagenes/2_NanoBug_Negro_83.jpg,2_NanoBug_Negro
../Dataset/imagenes/2_NanoBug_Negro_84.jpg,2_NanoBug_Negro
../Dataset/imagenes/2_NanoBug_Negro_85.jpg,2_NanoBug_Negro
../Dataset/imagenes/2_NanoBug_Negro_86.jpg,2_NanoBug_Negro
../Dataset/imagenes/2_NanoBug_Negro_87.jpg,2_NanoBug_Negro
../Dataset/imagenes/2_NanoBug_Negro_88.jpg,2_NanoBug_Negro
../Dataset/imagenes/2_NanoBug_Negro_89.jpg,2_NanoBug_Negro
../Dataset/imagenes/2_NanoBug_Negro_90.jpg,2_NanoBug_Negro
../Dataset/imagenes/2_NanoBug_Negro_91.jpg,2_NanoBug_Negro
../Dataset/imagenes/2_NanoBug_Negro_92.jpg,2_NanoBug_Negro
../Dataset/imagenes/2_NanoBug_Negro_93.jpg,2_NanoBug_Negro
../Dataset/imagenes/2_NanoBug_Negro_94.jpg,2_NanoBug_Negro
../Dataset/imagenes/2_NanoBug_Negro_95.jpg,2_NanoBug_Negro
../Dataset/imagenes/2_NanoBug_Negro_96.jpg,2_NanoBug_Negro
../Dataset/imagenes/2_NanoBug_Negro_97.jpg,2_NanoBug_Negro
../Dataset/imagenes/2_NanoBug_Negro_98.jpg,2_NanoBug_Negro
../Dataset/imagenes/2_NanoBug_Negro_99.jpg,2_NanoBug_Negro
../Dataset/imagenes/2_NanoBug_Negro_100.jpg,2_NanoBug_Negro
../Dataset/imagenes/2_NanoBug_Negro_101.jpg,2_NanoBug_Negro
../Dataset/imagenes/2_NanoBug_Negro_102.jpg,2_NanoBug_Negro
../Dataset/imagenes/2_NanoBug_Negro_103.jpg,2_NanoBug_Negro
../Dataset/imagenes/2_NanoBug_Negro_104.jpg,2_NanoBug_Negro
../Dataset/imagenes/2_NanoBug_Negro_105.jpg,2_NanoBug_Negro
../Dataset/imagenes/2_NanoBug_Negro_106.jpg,2_NanoBug_Negro
../Dataset/imagenes/2_NanoBug_Negro_107.jpg,2_NanoBug_Negro
../Dataset/imagenes/2_NanoBug_Negro_108.jpg,2_NanoBug_Negro
../Dataset/imagenes/2_NanoBug_Negro_109.jpg,2_NanoBug_Negro
../Dataset/imagenes/2_NanoBug_Negro_110.jpg,2_NanoBug_Negro
../Dataset/imagenes/2_NanoBug_Negro_111.jpg,2_NanoBug_Negro
../Dataset/imagenes/2_NanoBug_Negro_112.jpg,2_NanoBug_Negro
../Dataset/imagenes/2_NanoBug_Negro_113.jpg,2_NanoBug_Negro
../Dataset/imagenes/2_NanoBug_Negro_114.jpg,2_NanoBug_Negro
../Dataset/imagenes/2_NanoBug_Negro_115.jpg,2_NanoBug_Negro
../Dataset/imagenes/2_NanoBug_Negro_116.jpg,2_NanoBug_Negro
../Dataset/imagenes/2_NanoBug_Negro_117.jpg,2_NanoBug_Negro
../Dataset/imagenes/2_NanoBug_Negro_118.jpg,2_NanoBug_Negro
../Dataset/imagenes/2_NanoBug_Negro_119.jpg,2_NanoBug_Negro
../Dataset/imagenes/2_NanoBug_Negro_120.jpg,2_NanoBug_Negro
../Dataset/imagenes/2_NanoBug_Negro_121.jpg,2_NanoBug_Negro
../Dataset/imagenes/2_NanoBug_Negro_122.jpg,2_NanoBug_Negro
../Dataset/imagenes/2_NanoBug_Negro_123.jpg,2_NanoBug_Negro
../Dataset/imagenes/2_NanoBug_Negro_124.jpg,2_NanoBug_Negro
../Dataset/imagenes/2_NanoBug_Negro_125.jpg,2_NanoBug_Negro
../Dataset/imagenes/2_NanoBug_Negro_126.jpg,2_NanoBug_Negro
../Dataset/imagenes/2_NanoBug_Negro_127.jpg,2_NanoBug_Negro
../Dataset/imagenes/2_NanoBug_Negro_128.jpg,2_NanoBug_Negro
../Dataset/imagenes/2_NanoBug_Negro_129.jpg,2_NanoBug_Negro
../Dataset/imagenes/2_NanoBug_Negro_130.jpg,2_NanoBug_Negro
../Dataset/imagenes/2_NanoBug_Negro_131.jpg,2_NanoBug_Negro
../Dataset/imagenes/2_NanoBug_Negro_132.jpg,2_NanoBug_Negro
../Dataset/imagenes/2_NanoBug_Negro_133.jpg,2_NanoBug_Negro
../Dataset/imagenes/2_NanoBug_Negro_134.jpg,2_NanoBug_Negro
../Dataset/imagenes/2_NanoBug_Negro_135.jpg,2_NanoBug_Negro
../Dataset/imagenes/2_NanoBug_Negro_136.jpg,2_NanoBug_Negro
../Dataset/imagenes/2_NanoBug_Negro_137.jpg,2_NanoBug_Negro
../Dataset/imagenes/2_NanoBug_Negro_138.jpg,2_NanoBug_Negro
../Dataset/imagenes/2_NanoBug_Negro_139.jpg,2_NanoBug_Negro
../Dataset/imagenes/2_NanoBug_Negro_140.jpg,2_NanoBug_Negro
../Dataset/imagenes/2_NanoBug_Negro_141.jpg,2_NanoBug_Negro
../Dataset/imagenes/2_NanoBug_Negro_142.jpg,2_NanoBug_Negro
../Dataset/imagenes/2_NanoBug_Negro_143.jpg,2_NanoBug_Negro
../Dataset/imagenes/2_NanoBug_Negro_144.jpg,2_NanoBug_Negro
../Dataset/imagenes/2_NanoBug_Negro_145.jpg,2_NanoBug_Negro
../Dataset/imagenes/2_NanoBug_Negro_146.jpg,2_NanoBug_Negro
../Dataset/imagenes/2_NanoBug_Negro_147.jpg,2_NanoBug_Negro
../Dataset/imagenes/2_NanoBug_Negro_148.jpg,2_NanoBug_Negro
../Dataset/imagenes/2_NanoBug_Negro_149.jpg,2_NanoBug_Negro
../Dataset/imagenes/2_NanoBug_Negro_150.jpg,2_NanoBug_Negro
../Dataset/imagenes/2_NanoBug_Negro_151.jpg,2_NanoBug_Negro
../Dataset/imagenes/2_NanoBug_Negro_152.jpg,2_NanoBug_Negro
../Dataset/imagenes/2_NanoBug_Negro_153.jpg,2_NanoBug_Negro
../Dataset/imagenes/2_NanoBug_Negro_154.jpg,2_NanoBug_Negro
../Dataset/imagenes/2_NanoBug_Negro_155.jpg,2_NanoBug_Negro
../Dataset/imagenes/2_NanoBug_Negro_156.jpg,2_NanoBug_Negro
../Dataset/imagenes/2_NanoBug_Negro_157.jpg,2_NanoBug_Negro
../Dataset/imagenes/2_NanoBug_Negro_158.jpg,2_NanoBug_Negro
../Dataset/imagenes/2_NanoBug_Negro_159.jpg,2_NanoBug_Negro
../Dataset/imagenes/2_NanoBug_Negro_160.jpg,2_NanoBug_Negro
../Dataset/imagenes/2_NanoBug_Negro_161.jpg,2_NanoBug_Negro
../Dataset/imagenes/2_NanoBug_Negro_162.jpg,2_NanoBug_Negro
../Dataset/imagenes/2_NanoBug_Negro_163.jpg,2_NanoBug_Negro
../Dataset/imagenes/2_NanoBug_Negro_164.jpg,2_NanoBug_Negro
../Dataset/imagenes/2_NanoBug_Negro_165.jpg,2_NanoBug_Negro
../Dataset/imagenes/2_NanoBug_Negro_166.jpg,2_NanoBug_Negro
../Dataset/imagenes/2_NanoBug_Negro_167.jpg,2_NanoBug_Negro
../Dataset/imagenes/2_NanoBug_Negro_168.jpg,2_NanoBug_Negro
../Dataset/imagenes/2_NanoBug_Negro_169.jpg,2_NanoBug_Negro
../Dataset/imagenes/2_NanoBug_Negro_170.jpg,2_NanoBug_Negro
../Dataset/imagenes/2_NanoBug_Negro_171.jpg,2_NanoBug_Negro
../Dataset/imagenes/2_NanoBug_Negro_172.jpg,2_NanoBug_Negro
../Dataset/imagenes/2_NanoBug_Negro_173.jpg,2_NanoBug_Negro
../Dataset/imagenes/2_NanoBug_Negro_174.jpg,2_NanoBug_Negro
../Dataset/imagenes/2_NanoBug_Negro_175.jpg,2_NanoBug_Negro
../Dataset/imagenes/2_NanoBug_Negro_176.jpg,2_NanoBug_Negro
../Dataset/imagenes/2_NanoBug_Negro_177.jpg,2_NanoBug_Negro
../Dataset/imagenes/2_NanoBug_Negro_178.jpg,2_NanoBug_Negro
../Dataset/imagenes/2_NanoBug_Negro_179.jpg,2_NanoBug_Negro
../Dataset/imagenes/2_NanoBug_Negro_180.jpg,2_NanoBug_Negro
../Dataset/imagenes/2_NanoBug_Negro_181.jpg,2_NanoBug_Negro
../Dataset/imagenes/2_NanoBug_Negro_182.jpg,2_NanoBug_Negro
../Dataset/imagenes/2_NanoBug_Negro_183.jpg,2_NanoBug_Negro
../Dataset/imagenes/2_NanoBug_Negro_184.jpg,2_NanoBug_Negro
../Dataset/imagenes/2_NanoBug_Negro_185.jpg,2_NanoBug_Negro
../Dataset/imagenes/2_NanoBug_Negro_186.jpg,2_NanoBug_Negro
../Dataset/imagenes/2_NanoBug_Negro_187.jpg,2_NanoBug_Negro
../Dataset/imagenes/2_NanoBug_Negro_188.jpg,2_NanoBug_Negro
../Dataset/imagenes/2_NanoBug_Negro_189.jpg,2_NanoBug_Negro
../Dataset/imagenes/2_NanoBug_Negro_190.jpg,2_NanoBug_Negro
../Dataset/imagenes/2_NanoBug_Negro_191.jpg,2_NanoBug_Negro
../Dataset/imagenes/2_NanoBug_Negro_192.jpg,2_NanoBug_Negro
../Dataset/imagenes/2_NanoBug_Negro_193.jpg,2_NanoBug_Negro
../Dataset/imagenes/2_NanoBug_Negro_194.jpg,2_NanoBug_Negro
../Dataset/imagenes/2_NanoBug_Negro_195.jpg,2_NanoBug_Negro
../Dataset/imagenes/2_NanoBug_Negro_196.jpg,2_NanoBug_Negro
../Dataset/imagenes/2_NanoBug_Negro_197.jpg,2_NanoBug_Negro
../Dataset/imagenes/2_NanoBug_Negro_198.jpg,2_NanoBug_Negro
../Dataset/imagenes/2_NanoBug_Negro_199.jpg,2_NanoBug_Negro
../Dataset/imagenes/2_NanoBug_Negro_200.jpg,2_NanoBug_Negro
../Dataset/imagenes/2_NanoBug_Negro_201.jpg,2_NanoBug_Negro
../Dataset/imagenes/2_NanoBug_Negro_202.jpg,2_NanoBug_Negro
../Dataset/imagenes/2_NanoBug_Negro_203.jpg,2_NanoBug_Negro
../Dataset/imagenes/2_NanoBug_Negro_204.jpg,2_NanoBug_Negro
../Dataset/imagenes/2_NanoBug_Negro_205.jpg,2_NanoBug_Negro
../Dataset/imagenes/2_NanoBug_Negro_206.jpg,2_NanoBug_Negro
../Dataset/imagenes/2_NanoBug_Negro_207.jpg,2_NanoBug_Negro
../Dataset/imagenes/2_NanoBug_Negro_208.jpg,2_NanoBug_Negro
../Dataset/imagenes/2_NanoBug_Negro_209.jpg,2_NanoBug_Negro
../Dataset/imagenes/2_NanoBug_Negro_210.jpg,2_NanoBug_Negro
../Dataset/imagenes/2_NanoBug_Negro_211.jpg,2_NanoBug_Negro
../Dataset/imagenes/2_NanoBug_Negro_212.jpg,2_NanoBug_Negro
../Dataset/imagenes/2_NanoBug_Negro_213.jpg,2_NanoBug_Negro
../Dataset/imagenes/2_NanoBug_Negro_214.jpg,2_NanoBug_Negro
../Dataset/imagenes/2_NanoBug_Negro_215.jpg,2_NanoBug_Negro
../Dataset/imagenes/2_NanoBug_Negro_216.jpg,2_NanoBug_Negro
../Dataset/imagenes/2_NanoBug_Negro_217.jpg,2_NanoBug_Negro
../Dataset/imagenes/2_NanoBug_Negro_218.jpg,2_NanoBug_Negro
../Dataset/imagenes/2_NanoBug_Negro_219.jpg,2_NanoBug_Negro
../Dataset/imagenes/2_NanoBug_Negro_220.jpg,2_NanoBug_Negro
../Dataset/imagenes/2_NanoBug_Negro_221.jpg,2_NanoBug_Negro
../Dataset/imagenes/2_NanoBug_Negro_222.jpg,2_NanoBug_Negro
../Dataset/imagenes/2_NanoBug_Negro_223.jpg,2_NanoBug_Negro
../Dataset/imagenes/2_NanoBug_Negro_224.jpg,2_NanoBug_Negro
../Dataset/imagenes/2_NanoBug_Negro_225.jpg,2_NanoBug_Negro
../Dataset/imagenes/2_NanoBug_Negro_226.jpg,2_NanoBug_Negro
../Dataset/imagenes/2_NanoBug_Negro_227.jpg,2_NanoBug_Negro
../Dataset/imagenes/2_NanoBug_Negro_228.jpg,2_NanoBug_Negro
../Dataset/imagenes/2_NanoBug_Negro_229.jpg,2_NanoBug_Negro
../Dataset/imagenes/2_NanoBug_Negro_230.jpg,2_NanoBug_Negro
../Dataset/imagenes/2_NanoBug_Negro_231.jpg,2_NanoBug_Negro
../Dataset/imagenes/2_NanoBug_Negro_232.jpg,2_NanoBug_Negro
../Dataset/imagenes/2_NanoBug_Negro_233.jpg,2_NanoBug_Negro
../Dataset/imagenes/2_NanoBug_Negro_234.jpg,2_NanoBug_Negro
../Dataset/imagenes/2_NanoBug_Negro_235.jpg,2_NanoBug_Negro
../Dataset/imagenes/2_NanoBug_Negro_236.jpg,2_NanoBug_Negro
../Dataset/imagenes/2_NanoBug_Negro_237.jpg,2_NanoBug_Negro
../Dataset/imagenes/2_NanoBug_Negro_238.jpg,2_NanoBug_Negro
../Dataset/imagenes/2_NanoBug_Negro_239.jpg,2_NanoBug_Negro
../Dataset/imagenes/2_NanoBug_Negro_240.jpg,2_NanoBug_Negro
../Dataset/imagenes/2_NanoBug_Negro_241.jpg,2_NanoBug_Negro
../Dataset/imagenes/2_NanoBug_Negro_242.jpg,2_NanoBug_Negro
../Dataset/imagenes/2_NanoBug_Negro_243.jpg,2_NanoBug_Negro
../Dataset/imagenes/2_NanoBug_Negro_244.jpg,2_NanoBug_Negro
../Dataset/imagenes/2_NanoBug_Negro_245.jpg,2_NanoBug_Negro
../Dataset/imagenes/2_NanoBug_Negro_246.jpg,2_NanoBug_Negro
../Dataset/imagenes/2_NanoBug_Negro_247.jpg,2_NanoBug_Negro
../Dataset/imagenes/2_NanoBug_Negro_248.jpg,2_NanoBug_Negro
../Dataset/imagenes/2_NanoBug_Negro_249.jpg,2_NanoBug_Negro
../Dataset/imagenes/2_NanoBug_Negro_250.jpg,2_NanoBug_Negro
../Dataset/imagenes/2_NanoBug_Negro_251.jpg,2_NanoBug_Negro
../Dataset/imagenes/2_NanoBug_Negro_252.jpg,2_NanoBug_Negro
../Dataset/imagenes/2_NanoBug_Negro_253.jpg,2_NanoBug_Negro
../Dataset/imagenes/2_NanoBug_Negro_254.jpg,2_NanoBug_Negro
../Dataset/imagenes/2_NanoBug_Negro_255.jpg,2_NanoBug_Negro
../Dataset/imagenes/2_NanoBug_Negro_256.jpg,2_NanoBug_Negro
../Dataset/imagenes/2_NanoBug_Negro_257.jpg,2_NanoBug_Negro
../Dataset/imagenes/2_NanoBug_Negro_258.jpg,2_NanoBug_Negro
../Dataset/imagenes/2_NanoBug_Negro_259.jpg,2_NanoBug_Negro
../Dataset/imagenes/2_NanoBug_Negro_260.jpg,2_NanoBug_Negro
../Dataset/imagenes/2_NanoBug_Negro_261.jpg,2_NanoBug_Negro
../Dataset/imagenes/2_NanoBug_Negro_262.jpg,2_NanoBug_Negro
../Dataset/imagenes/2_NanoBug_Negro_263.jpg,2_NanoBug_Negro
../Dataset/imagenes/2_NanoBug_Negro_264.jpg,2_NanoBug_Negro
../Dataset/imagenes/2_NanoBug_Negro_265.jpg,2_NanoBug_Negro
../Dataset/imagenes/2_NanoBug_Negro_266.jpg,2_NanoBug_Negro
../Dataset/imagenes/2_NanoBug_Negro_267.jpg,2_NanoBug_Negro
../Dataset/imagenes/2_NanoBug_Negro_268.jpg,2_NanoBug_Negro
../Dataset/imagenes/2_NanoBug_Negro_269.jpg,2_NanoBug_Negro
../Dataset/imagenes/2_NanoBug_Negro_270.jpg,2_NanoBug_Negro
../Dataset/imagenes/2_NanoBug_Negro_271.jpg,2_NanoBug_Negro
../Dataset/imagenes/2_NanoBug_Negro_272.jpg,2_NanoBug_Negro
../Dataset/imagenes/2_NanoBug_Negro_273.jpg,2_NanoBug_Negro
../Dataset/imagenes/2_NanoBug_Negro_274.jpg,2_NanoBug_Negro
../Dataset/imagenes/2_NanoBug_Negro_275.jpg,2_NanoBug_Negro
../Dataset/imagenes/2_NanoBug_Negro_276.jpg,2_NanoBug_Negro
../Dataset/imagenes/2_NanoBug_Negro_277.jpg,2_NanoBug_Negro
../Dataset/imagenes/2_NanoBug_Negro_278.jpg,2_NanoBug_Negro
../Dataset/imagenes/2_NanoBug_Negro_279.jpg,2_NanoBug_Negro
../Dataset/imagenes/2_NanoBug_Negro_280.jpg,2_NanoBug_Negro
../Dataset/imagenes/2_NanoBug_Negro_281.jpg,2_NanoBug_Negro
../Dataset/imagenes/2_NanoBug_Negro_282.jpg,2_NanoBug_Negro
../Dataset/imagenes/2_NanoBug_Negro_283.jpg,2_NanoBug_Negro
../Dataset/imagenes/2_NanoBug_Negro_284.jpg,2_NanoBug_Negro
../Dataset/imagenes/2_NanoBug_Negro_285.jpg,2_NanoBug_Negro
../Dataset/imagenes/2_NanoBug_Negro_286.jpg,2_NanoBug_Negro
../Dataset/imagenes/2_NanoBug_Negro_287.jpg,2_NanoBug_Negro
../Dataset/imagenes/2_NanoBug_Negro_288.jpg,2_NanoBug_Negro
../Dataset/imagenes/2_NanoBug_Negro_289.jpg,2_NanoBug_Negro
../Dataset/imagenes/2_NanoBug_Negro_290.jpg,2_NanoBug_Negro
../Dataset/imagenes/2_NanoBug_Negro_291.jpg,2_NanoBug_Negro
../Dataset/imagenes/2_NanoBug_Negro_292.jpg,2_NanoBug_Negro
../Dataset/imagenes/2_NanoBug_Negro_293.jpg,2_NanoBug_Negro
../Dataset/imagenes/2_NanoBug_Negro_294.jpg,2_NanoBug_Negro
../Dataset/imagenes/2_NanoBug_Negro_295.jpg,2_NanoBug_Negro
../Dataset/imagenes/2_NanoBug_Negro_296.jpg,2_NanoBug_Negro
../Dataset/imagenes/2_NanoBug_Negro_297.jpg,2_NanoBug_Negro
../Dataset/imagenes/2_NanoBug_Negro_298.jpg,2_NanoBug_Negro
../Dataset/imagenes/2_NanoBug_Negro_299.jpg,2_NanoBug_Negro
../Dataset/imagenes/2_NanoBug_Negro_300.jpg,2_NanoBug_Negro
../Dataset/imagenes/2_NanoBug_Negro_301.jpg,2_NanoBug_Negro
../Dataset/imagenes/2_NanoBug_Negro_302.jpg,2_NanoBug_Negro
../Dataset/imagenes/2_NanoBug_Negro_303.jpg,2_NanoBug_Negro
../Dataset/imagenes/2_NanoBug_Negro_304.jpg,2_NanoBug_Negro
../Dataset/imagenes/2_NanoBug_Negro_305.jpg,2_NanoBug_Negro
../Dataset/imagenes/2_NanoBug_Negro_306.jpg,2_NanoBug_Negro
../Dataset/imagenes/2_NanoBug_Negro_307.jpg,2_NanoBug_Negro
../Dataset/imagenes/2_NanoBug_Negro_308.jpg,2_NanoBug_Negro
../Dataset/imagenes/2_NanoBug_Negro_309.jpg,2_NanoBug_Negro
../Dataset/imagenes/2_NanoBug_Negro_310.jpg,2_NanoBug_Negro
../Dataset/imagenes/2_NanoBug_Negro_311.jpg,2_NanoBug_Negro
../Dataset/imagenes/2_NanoBug_Negro_312.jpg,2_NanoBug_Negro
../Dataset/imagenes/2_NanoBug_Negro_313.jpg,2_NanoBug_Negro
../Dataset/imagenes/2_NanoBug_Negro_314.jpg,2_NanoBug_Negro
../Dataset/imagenes/2_NanoBug_Negro_315.jpg,2_NanoBug_Negro
../Dataset/imagenes/2_NanoBug_Negro_316.jpg,2_NanoBug_Negro
../Dataset/imagenes/2_NanoBug_Negro_317.jpg,2_NanoBug_Negro
../Dataset/imagenes/2_NanoBug_Negro_318.jpg,2_NanoBug_Negro
../Dataset/imagenes/2_NanoBug_Negro_319.jpg,2_NanoBug_Negro
../Dataset/imagenes/2_NanoBug_Negro_320.jpg,2_NanoBug_Negro
../Dataset/imagenes/2_NanoBug_Negro_321.jpg,2_NanoBug_Negro
../Dataset/imagenes/2_NanoBug_Negro_322.jpg,2_NanoBug_Negro
../Dataset/imagenes/2_NanoBug_Negro_323.jpg,2_NanoBug_Negro
../Dataset/imagenes/2_NanoBug_Negro_324.jpg,2_NanoBug_Negro
../Dataset/imagenes/2_NanoBug_Negro_325.jpg,2_NanoBug_Negro
../Dataset/imagenes/2_NanoBug_Negro_326.jpg,2_NanoBug_Negro
../Dataset/imagenes/2_NanoBug_Negro_327.jpg,2_NanoBug_Negro
../Dataset/imagenes/2_NanoBug_Negro_328.jpg,2_NanoBug_Negro
../Dataset/imagenes/2_NanoBug_Negro_329.jpg,2_NanoBug_Negro
../Dataset/imagenes/2_NanoBug_Negro_330.jpg,2_NanoBug_Negro
../Dataset/imagenes/2_NanoBug_Negro_331.jpg,2_NanoBug_Negro
../Dataset/imagenes/2_NanoBug_Negro_332.jpg,2_NanoBug_Negro
../Dataset/imagenes/2_NanoBug_Negro_333.jpg,2_NanoBug_Negro
../Dataset/imagenes/2_NanoBug_Negro_334.jpg,2_NanoBug_Negro
../Dataset/imagenes/2_NanoBug_Negro_335.jpg,2_NanoBug_Negro
../Dataset/imagenes/2_NanoBug_Negro_336.jpg,2_NanoBug_Negro
../Dataset/imagenes/2_NanoBug_Negro_337.jpg,2_NanoBug_Negro
../Dataset/imagenes/2_NanoBug_Negro_338.jpg,2_NanoBug_Negro
../Dataset/imagenes/2_NanoBug_Negro_339.jpg,2_NanoBug_Negro
../Dataset/imagenes/2_NanoBug_Negro_340.jpg,2_NanoBug_Negro
../Dataset/imagenes/2_NanoBug_Negro_341.jpg,2_NanoBug_Negro
../Dataset/imagenes/2_NanoBug_Negro_342.jpg,2_NanoBug_Negro
../Dataset/imagenes/2_NanoBug_Negro_343.jpg,2_NanoBug_Negro
../Dataset/imagenes/2_NanoBug_Negro_344.jpg,2_NanoBug_Negro
../Dataset/imagenes/2_NanoBug_Negro_345.jpg,2_NanoBug_Negro
../Dataset/imagenes/2_NanoBug_Negro_346.jpg,2_NanoBug_Negro
../Dataset/imagenes/2_NanoBug_Negro_347.jpg,2_NanoBug_Negro
../Dataset/imagenes/2_NanoBug_Negro_348.jpg,2_NanoBug_Negro
../Dataset/imagenes/2_NanoBug_Negro_349.jpg,2_NanoBug_Negro
../Dataset/imagenes/2_NanoBug_Negro_350.jpg,2_NanoBug_Negro
../Dataset/imagenes/2_NanoBug_Negro_351.jpg,2_NanoBug_Negro
../Dataset/imagenes/2_NanoBug_Negro_352.jpg,2_NanoBug_Negro
../Dataset/imagenes/2_NanoBug_Negro_353.jpg,2_NanoBug_Negro
../Dataset/imagenes/2_NanoBug_Negro_354.jpg,2_NanoBug_Negro
../Dataset/imagenes/2_NanoBug_Negro_355.jpg,2_NanoBug_Negro
../Dataset/imagenes/2_NanoBug_Negro_356.jpg,2_NanoBug_Negro
../Dataset/imagenes/2_NanoBug_Negro_357.jpg,2_NanoBug_Negro
../Dataset/imagenes/2_NanoBug_Negro_358.jpg,2_NanoBug_Negro
../Dataset/imagenes/2_NanoBug_Negro_359.jpg,2_NanoBug_Negro
../Dataset/imagenes/2_NanoBug_Negro_360.jpg,2_NanoBug_Negro
../Dataset/imagenes/2_NanoBug_Negro_361.jpg,2_NanoBug_Negro
../Dataset/imagenes/2_NanoBug_Negro_362.jpg,2_NanoBug_Negro
../Dataset/imagenes/2_NanoBug_Negro_363.jpg,2_NanoBug_Negro
../Dataset/imagenes/2_NanoBug_Negro_364.jpg,2_NanoBug_Negro
../Dataset/imagenes/2_NanoBug_Negro_365.jpg,2_NanoBug_Negro
../Dataset/imagenes/2_NanoBug_Negro_366.jpg,2_NanoBug_Negro
../Dataset/imagenes/2_NanoBug_Negro_367.jpg,2_NanoBug_Negro
../Dataset/imagenes/2_NanoBug_Negro_368.jpg,2_NanoBug_Negro
../Dataset/imagenes/2_NanoBug_Negro_369.jpg,2_NanoBug_Negro
../Dataset/imagenes/2_NanoBug_Negro_370.jpg,2_NanoBug_Negro
../Dataset/imagenes/2_NanoBug_Negro_371.jpg,2_NanoBug_Negro
../Dataset/imagenes/2_NanoBug_Negro_372.jpg,2_NanoBug_Negro
../Dataset/imagenes/2_NanoBug_Negro_373.jpg,2_NanoBug_Negro
../Dataset/imagenes/2_NanoBug_Negro_374.jpg,2_NanoBug_Negro
../Dataset/imagenes/2_NanoBug_Negro_375.jpg,2_NanoBug_Negro
../Dataset/imagenes/2_NanoBug_Negro_376.jpg,2_NanoBug_Negro
../Dataset/imagenes/2_NanoBug_Negro_377.jpg,2_NanoBug_Negro
../Dataset/imagenes/2_NanoBug_Negro_378.jpg,2_NanoBug_Negro
../Dataset/imagenes/2_NanoBug_Negro_379.jpg,2_NanoBug_Negro
../Dataset/imagenes/2_NanoBug_Negro_380.jpg,2_NanoBug_Negro
../Dataset/imagenes/2_NanoBug_Negro_381.jpg,2_NanoBug_Negro
../Dataset/imagenes/2_NanoBug_Negro_382.jpg,2_NanoBug_Negro
../Dataset/imagenes/2_NanoBug_Negro_383.jpg,2_NanoBug_Negro
../Dataset/imagenes/2_NanoBug_Negro_384.jpg,2_NanoBug_Negro
../Dataset/imagenes/2_NanoBug_Negro_385.jpg,2_NanoBug_Negro
../Dataset/imagenes/2_NanoBug_Negro_386.jpg,2_NanoBug_Negro
../Dataset/imagenes/2_NanoBug_Negro_387.jpg,2_NanoBug_Negro
../Dataset/imagenes/2_NanoBug_Negro_388.jpg,2_NanoBug_Negro
../Dataset/imagenes/2_NanoBug_Negro_389.jpg,2_NanoBug_Negro
../Dataset/imagenes/2_NanoBug_Negro_390.jpg,2_NanoBug_Negro
../Dataset/imagenes/2_NanoBug_Negro_391.jpg,2_NanoBug_Negro
../Dataset/imagenes/2_NanoBug_Negro_392.jpg,2_NanoBug_Negro
../Dataset/imagenes/2_NanoBug_Negro_393.jpg,2_NanoBug_Negro
../Dataset/imagenes/2_NanoBug_Negro_394.jpg,2_NanoBug_Negro
../Dataset/imagenes/2_NanoBug_Negro_395.jpg,2_NanoBug_Negro
../Dataset/imagenes/2_NanoBug_Negro_396.jpg,2_NanoBug_Negro
../Dataset/imagenes/2_NanoBug_Negro_397.jpg,2_NanoBug_Negro
../Dataset/imagenes/2_NanoBug_Negro_398.jpg,2_NanoBug_Negro
../Dataset/imagenes/2_NanoBug_Negro_399.jpg,2_NanoBug_Negro
../Dataset/imagenes/2_NanoBug_Negro_400.jpg,2_NanoBug_Negro
../Dataset/imagenes/2_NanoBug_Negro_401.jpg,2_NanoBug_Negro
../Dataset/imagenes/2_NanoBug_Negro_402.jpg,2_NanoBug_Negro
../Dataset/imagenes/2_NanoBug_Negro_403.jpg,2_NanoBug_Negro
../Dataset/imagenes/2_NanoBug_Negro_404.jpg,2_NanoBug_Negro
../Dataset/imagenes/2_NanoBug_Negro_405.jpg,2_NanoBug_Negro
../Dataset/imagenes/2_NanoBug_Negro_406.jpg,2_NanoBug_Negro
../Dataset/imagenes/2_NanoBug_Negro_407.jpg,2_NanoBug_Negro
../Dataset/imagenes/2_NanoBug_Negro_408.jpg,2_NanoBug_Negro
../Dataset/imagenes/2_NanoBug_Negro_409.jpg,2_NanoBug_Negro
../Dataset/imagenes/2_NanoBug_Negro_410.jpg,2_NanoBug_Negro
../Dataset/imagenes/2_NanoBug_Negro_411.jpg,2_NanoBug_Negro
../Dataset/imagenes/2_NanoBug_Negro_412.jpg,2_NanoBug_Negro
../Dataset/imagenes/2_NanoBug_Negro_413.jpg,2_NanoBug_Negro
../Dataset/imagenes/2_NanoBug_Negro_414.jpg,2_NanoBug_Negro
../Dataset/imagenes/2_NanoBug_Negro_415.jpg,2_NanoBug_Negro
../Dataset/imagenes/2_NanoBug_Negro_416.jpg,2_NanoBug_Negro
../Dataset/imagenes/2_NanoBug_Negro_417.jpg,2_NanoBug_Negro
../Dataset/imagenes/2_NanoBug_Negro_418.jpg,2_NanoBug_Negro
../Dataset/imagenes/2_NanoBug_Negro_419.jpg,2_NanoBug_Negro
../Dataset/imagenes/2_NanoBug_Negro_420.jpg,2_NanoBug_Negro
../Dataset/imagenes/2_NanoBug_Negro_421.jpg,2_NanoBug_Negro
../Dataset/imagenes/2_NanoBug_Negro_422.jpg,2_NanoBug_Negro
../Dataset/imagenes/2_NanoBug_Negro_423.jpg,2_NanoBug_Negro
../Dataset/imagenes/2_NanoBug_Negro_424.jpg,2_NanoBug_Negro
../Dataset/imagenes/2_NanoBug_Negro_425.jpg,2_NanoBug_Negro
../Dataset/imagenes/2_NanoBug_Negro_426.jpg,2_NanoBug_Negro
../Dataset/imagenes/2_NanoBug_Negro_427.jpg,2_NanoBug_Negro
../Dataset/imagenes/2_NanoBug_Negro_428.jpg,2_NanoBug_Negro
../Dataset/imagenes/2_NanoBug_Negro_429.jpg,2_NanoBug_Negro
../Dataset/imagenes/2_NanoBug_Negro_430.jpg,2_NanoBug_Negro
../Dataset/imagenes/2_NanoBug_Negro_431.jpg,2_NanoBug_Negro
../Dataset/imagenes/2_NanoBug_Negro_432.jpg,2_NanoBug_Negro
../Dataset/imagenes/2_NanoBug_Negro_433.jpg,2_NanoBug_Negro
../Dataset/imagenes/2_NanoBug_Negro_434.jpg,2_NanoBug_Negro
../Dataset/imagenes/2_NanoBug_Negro_435.jpg,2_NanoBug_Negro
../Dataset/imagenes/2_NanoBug_Negro_436.jpg,2_NanoBug_Negro
../Dataset/imagenes/2_NanoBug_Negro_437.jpg,2_NanoBug_Negro
../Dataset/imagenes/2_NanoBug_Negro_438.jpg,2_NanoBug_Negro
../Dataset/imagenes/2_NanoBug_Negro_439.jpg,2_NanoBug_Negro
../Dataset/imagenes/2_NanoBug_Negro_440.jpg,2_NanoBug_Negro
../Dataset/imagenes/2_NanoBug_Negro_441.jpg,2_NanoBug_Negro
../Dataset/imagenes/2_NanoBug_Negro_442.jpg,2_NanoBug_Negro
../Dataset/imagenes/2_NanoBug_Negro_443.jpg,2_NanoBug_Negro
../Dataset/imagenes/2_NanoBug_Negro_444.jpg,2_NanoBug_Negro
../Dataset/imagenes/2_NanoBug_Negro_445.jpg,2_NanoBug_Negro
../Dataset/imagenes/2_NanoBug_Negro_446.jpg,2_NanoBug_Negro
../Dataset/imagenes/2_NanoBug_Negro_447.jpg,2_NanoBug_Negro
../Dataset/imagenes/2_NanoBug_Negro_448.jpg,2_NanoBug_Negro
../Dataset/imagenes/2_NanoBug_Negro_449.jpg,2_NanoBug_Negro
../Dataset/imagenes/2_NanoBug_Negro_450.jpg,2_NanoBug_Negro
../Dataset/imagenes/2_NanoBug_Negro_451.jpg,2_NanoBug_Negro
../Dataset/imagenes/2_NanoBug_Negro_452.jpg,2_NanoBug_Negro
../Dataset/imagenes/2_NanoBug_Negro_453.jpg,2_NanoBug_Negro
../Dataset/imagenes/2_NanoBug_Negro_454.jpg,2_NanoBug_Negro
../Dataset/imagenes/2_NanoBug_Negro_455.jpg,2_NanoBug_Negro
../Dataset/imagenes/2_NanoBug_Negro_456.jpg,2_NanoBug_Negro
../Dataset/imagenes/2_NanoBug_Negro_457.jpg,2_NanoBug_Negro
../Dataset/imagenes/2_NanoBug_Negro_458.jpg,2_NanoBug_Negro
../Dataset/imagenes/2_NanoBug_Negro_459.jpg,2_NanoBug_Negro
../Dataset/imagenes/2_NanoBug_Negro_460.jpg,2_NanoBug_Negro
../Dataset/imagenes/2_NanoBug_Negro_461.jpg,2_NanoBug_Negro
../Dataset/imagenes/2_NanoBug_Negro_462.jpg,2_NanoBug_Negro
../Dataset/imagenes/2_NanoBug_Negro_463.jpg,2_NanoBug_Negro
../Dataset/imagenes/2_NanoBug_Negro_464.jpg,2_NanoBug_Negro
../Dataset/imagenes/2_NanoBug_Negro_465.jpg,2_NanoBug_Negro
../Dataset/imagenes/2_NanoBug_Negro_466.jpg,2_NanoBug_Negro
../Dataset/imagenes/2_NanoBug_Negro_467.jpg,2_NanoBug_Negro
../Dataset/imagenes/2_NanoBug_Negro_468.jpg,2_NanoBug_Negro
../Dataset/imagenes/2_NanoBug_Negro_469.jpg,2_NanoBug_Negro
../Dataset/imagenes/2_NanoBug_Negro_470.jpg,2_NanoBug_Negro
../Dataset/imagenes/2_NanoBug_Negro_471.jpg,2_NanoBug_Negro
../Dataset/imagenes/2_NanoBug_Negro_472.jpg,2_NanoBug_Negro
../Dataset/imagenes/2_NanoBug_Negro_473.jpg,2_NanoBug_Negro
../Dataset/imagenes/2_NanoBug_Negro_474.jpg,2_NanoBug_Negro
../Dataset/imagenes/2_NanoBug_Negro_475.jpg,2_NanoBug_Negro
../Dataset/imagenes/2_NanoBug_Negro_476.jpg,2_NanoBug_Negro
../Dataset/imagenes/2_NanoBug_Negro_477.jpg,2_NanoBug_Negro
../Dataset/imagenes/2_NanoBug_Negro_478.jpg,2_NanoBug_Negro
../Dataset/imagenes/2_NanoBug_Negro_479.jpg,2_NanoBug_Negro
../Dataset/imagenes/2_NanoBug_Negro_480.jpg,2_NanoBug_Negro
../Dataset/imagenes/2_NanoBug_Negro_481.jpg,2_NanoBug_Negro
../Dataset/imagenes/2_NanoBug_Negro_482.jpg,2_NanoBug_Negro
../Dataset/imagenes/2_NanoBug_Negro_483.jpg,2_NanoBug_Negro
../Dataset/imagenes/2_NanoBug_Negro_484.jpg,2_NanoBug_Negro
../Dataset/imagenes/2_NanoBug_Negro_485.jpg,2_NanoBug_Negro
../Dataset/imagenes/2_NanoBug_Negro_486.jpg,2_NanoBug_Negro
../Dataset/imagenes/2_NanoBug_Negro_487.jpg,2_NanoBug_Negro
../Dataset/imagenes/2_NanoBug_Negro_488.jpg,2_NanoBug_Negro
../Dataset/imagenes/2_NanoBug_Negro_489.jpg,2_NanoBug_Negro
../Dataset/imagenes/2_NanoBug_Negro_490.jpg,2_NanoBug_Negro
../Dataset/imagenes/2_NanoBug_Negro_491.jpg,2_NanoBug_Negro
../Dataset/imagenes/2_NanoBug_Negro_492.jpg,2_NanoBug_Negro
../Dataset/imagenes/2_NanoBug_Negro_493.jpg,2_NanoBug_Negro
../Dataset/imagenes/2_NanoBug_Negro_494.jpg,2_NanoBug_Negro
../Dataset/imagenes/2_NanoBug_Negro_495.jpg,2_NanoBug_Negro
../Dataset/imagenes/2_NanoBug_Negro_496.jpg,2_NanoBug_Negro
../Dataset/imagenes/2_NanoBug_Negro_497.jpg,2_NanoBug_Negro
../Dataset/imagenes/2_NanoBug_Negro_498.jpg,2_NanoBug_Negro
../Dataset/imagenes/2_NanoBug_Negro_499.jpg,2_NanoBug_Negro
../Dataset/imagenes/2_NanoBug_Negro_500.jpg,2_NanoBug_Negro
